EmployeeNumber,Name,Department,JobRole
103,Kevin Berry,Human Resources,Human Resources
133,William Scott,Human Resources,Human Resources
140,Carol Rowland,Human Resources,Manager
148,Lisa Salas,Human Resources,Manager
177,Natalie Alvarez,Human Resources,Human Resources
184,Daniel Chapman,Human Resources,Human Resources
321,Bryan Davenport,Human Resources,Human Resources
424,Eric Henderson,Human Resources,Human Resources
470,David Reyes,Human Resources,Human Resources
566,Thomas Daniel,Human Resources,Human Resources
590,Abigail Meza,Human Resources,Human Resources
608,Lisa Hawkins,Human Resources,Human Resources
644,Jason Scott,Human Resources,Manager
665,Teresa Bush,Human Resources,Human Resources
698,Daniel Harrison,Human Resources,Human Resources
731,Michael Avila,Human Resources,Manager
734,Johnathan Smith,Human Resources,Manager
760,Yolanda Nicholson,Human Resources,Human Resources
829,Joseph Obrien,Human Resources,Human Resources
847,Jorge Skinner,Human Resources,Human Resources
869,Charles Moore,Human Resources,Human Resources
878,Zachary Brown,Human Resources,Human Resources
909,Jennifer Morris,Human Resources,Human Resources
910,Kyle Ward,Human Resources,Human Resources
1049,James Wolfe,Human Resources,Human Resources
1098,Christopher Dunn,Human Resources,Human Resources
1152,James Blake,Human Resources,Human Resources
1164,Gregory Williams,Human Resources,Human Resources
1207,Steven Choi,Human Resources,Human Resources
1231,Scott Carlson,Human Resources,Human Resources
1289,Larry Potter,Human Resources,Human Resources
1314,Gina Hudson,Human Resources,Human Resources
1338,John Mcgee,Human Resources,Manager
1352,Eric Porter,Human Resources,Manager
1408,Danielle Sanders,Human Resources,Manager
1419,Mark Knight,Human Resources,Human Resources
1461,Stacy Baker,Human Resources,Human Resources
1467,Stephanie Reed,Human Resources,Human Resources
1499,Edward Smith,Human Resources,Human Resources
1550,Matthew Williams,Human Resources,Manager
1563,Thomas Cannon,Human Resources,Human Resources
1625,Judy Willis,Human Resources,Manager
1642,Tony Cobb,Human Resources,Human Resources
1683,Leslie Howard,Human Resources,Human Resources
1714,Russell Pearson,Human Resources,Human Resources
1722,Keith Murray,Human Resources,Human Resources
1744,Courtney Smith,Human Resources,Human Resources
1746,Joshua Chavez,Human Resources,Human Resources
1747,Tonya Mack,Human Resources,Human Resources
1778,James May,Human Resources,Human Resources
1794,Robert Davis,Human Resources,Human Resources
1805,Alexander Wilson,Human Resources,Human Resources
1818,Karen Brennan,Human Resources,Human Resources
1842,Jeremy Thompson,Human Resources,Human Resources
1844,Corey Sullivan,Human Resources,Human Resources
1858,Michael Taylor,Human Resources,Human Resources
1865,Richard Grant,Human Resources,Human Resources
1890,Matthew Sandoval,Human Resources,Human Resources
1944,Vanessa Moore,Human Resources,Human Resources
1972,Jeffrey Delgado,Human Resources,Human Resources
1973,Matthew Hale,Human Resources,Manager
1987,Melissa Schroeder,Human Resources,Human Resources
2040,Meghan Fields,Human Resources,Human Resources
